"","estimate","std.error","statistic","p.value"
"(Intercept)",17.0755697630634,5.11399464874047,3.33898858640162,0.000840840190381484
"Extraversion",-12.3055042119399,8.30409700297825,-1.48185940115181,0.138377709587051
"Motivation",-20.5163646737159,8.48891950684624,-2.41684052454139,0.0156558746523001
"Training",-31.0648707926039,9.0351114734043,-3.43823879584068,0.000585511113241003
"Amicability",-22.0022002087456,8.14835844188773,-2.70020033675008,0.00692977334273284
"Neuroticism",NA,NA,NA,NA
