"","Estimate","Std. Error","z value","Pr(>|z|)","OR","2.5 %","97.5 %"
"(Intercept)",-1.86319810866728,0.368652652889996,-5.05407486982942,4.32481941196987e-07,0.155175567633538,0.0692868406188565,0.299866460914936
"PC1",0.773764177300364,0.195728546376257,3.9532515395732,7.70963144244055e-05,2.16791131700524,1.54286457512409,3.36897481844139
