"","Estimate","Std. Error","z value","Pr(>|z|)","OR","2.5 %","97.5 %"
"(Intercept)",1.86319810866728,0.368652652889996,5.05407486982942,4.32481941196977e-07,6.44431346538778,3.33481776170917,14.432755066737
"PC1",-0.773764177300364,0.195728546376257,-3.95325153957321,7.70963144244042e-05,0.46127348114101,0.296826202002494,0.648145025897411
