"","Estimate","Std. Error","z value","Pr(>|z|)","OR","2.5 %","97.5 %"
"(Intercept)",-2.06044885042236,0.46973010261228,-4.38645264368563,1.15214234728948e-05,0.127396774963547,0.0436684652213903,0.288406823090174
"PC01",-0.816301673204102,0.246424978821014,-3.31257682199907,0.000924407345365369,0.442063530440855,0.250756733044195,0.670073880052064
