"","Estimate","Std. Error","z value","Pr(>|z|)","OR","2.5 %","97.5 %"
"(Intercept)",-2.05546253025503,0.467437663594755,-4.39729762990818,1.09606998726724e-05,0.128033602465234,0.0441786349584065,0.288909323635102
"PC01",-0.802544388173336,0.242473301630041,-3.3098257943377,0.00093354053100456,0.448187150040102,0.256636668125733,0.675153387469156
